Date,BATBC.Open,BATBC.High,BATBC.Low,BATBC.Close,BATBC.Volume,BATBC.Adjusted
2019-12-30,973,978.6,969,969.9,31924,969.9
2019-12-29,956.1,971.8,956,968.9,18951,968.9
2019-12-28,958,967,954.5,956.1,18994,956.1
2019-12-27,962.9,977,950.2,954.5,28278,954.5
2019-12-26,970.3,976,961.1,962.8,23142,962.8
2019-12-25,978.9,978.9,968.5,973.3,15763,973.3
2019-12-24,986.1,994,977.4,979.2,32814,979.2
2019-12-23,1004.8,1004.8,971,985.5,30398,985.5
2019-12-22,1013.2,1019.9,997,998.4,24002,998.4
2019-12-21,1015.1,1024.9,1011,1012.6,24080,1012.6
2019-12-20,1009,1025,1008.9,1012.4,33792,1012.4
2019-12-19,1025,1028,1004.1,1008.8,37245,1008.8
2019-12-18,1050,1050,1018.4,1024,42714,1024
2019-12-17,1075,1075,1039.1,1040.5,54448,1040.5
2019-12-16,1075,1083.9,1062.2,1064.3,20108,1064.3
2019-12-15,1073.3,1077.5,1071.2,1072.3,17897,1072.3
2019-12-14,1079.1,1088.9,1070.1,1071.7,24558,1071.7
2019-12-13,1088.9,1090,1075.4,1079.1,19712,1079.1
2019-12-12,1089,1095,1080,1085.1,23505,1085.1
2019-12-11,1077,1095,1072.8,1088.7,16849,1088.7
2019-12-10,1080,1085.6,1071,1072.6,21644,1072.6
2019-12-09,1089,1090,1078,1079,31674,1079
2019-12-08,1090.7,1090.7,1081.1,1082,25457,1082
2019-12-07,1096.5,1100,1087,1090.3,25233,1090.3
2019-12-06,1085,1106,1085,1093.9,16454,1093.9
2019-12-05,1090,1095,1081.5,1083.8,14707,1083.8
2019-12-04,1090,1094.8,1080.5,1083.1,15138,1083.1
2019-12-03,1092.6,1092.6,1084.1,1085.2,28901,1085.2
2019-12-02,1094.1,1103,1090.5,1092.6,26412,1092.6
2019-12-01,1100,1107.1,1090,1094,25492,1094
2019-11-30,1105.9,1110,1094.2,1099.4,30966,1099.4
2019-11-29,1116.3,1116.3,1101.2,1105.9,25284,1105.9
2019-11-28,1129.7,1129.7,1115,1116.3,28123,1116.3
2019-11-27,1134.9,1134.9,1121.1,1127.3,39494,1127.3
2019-11-26,1135,1135.9,1125,1126.3,18425,1126.3
2019-11-25,1139,1139.9,1123.6,1126.6,16817,1126.6
2019-11-24,1130,1135,1123.2,1125.4,16718,1125.4
2019-11-23,1149.9,1149.9,1126,1128.8,20817,1128.8
2019-11-22,1158,1168,1145.1,1149.1,33013,1149.1
2019-11-21,1128.9,1155.2,1123.9,1149.5,107108,1149.5
2019-11-20,1121,1130,1117.1,1123.7,34988,1123.7
2019-11-19,1115.6,1125,1112,1119.5,20594,1119.5
2019-11-18,1110,1132,1109,1119,47194,1119
2019-11-17,1100,1119.9,1095,1099.7,23804,1099.7
2019-11-16,1069,1099,1057,1092.1,18491,1092.1
2019-11-15,1067.5,1073,1050,1057.4,19993,1057.4
2019-11-14,1097.1,1102.6,1060,1067.5,47313,1067.5
2019-11-13,1127.6,1127.6,1093.1,1097.1,42130,1097.1
2019-11-12,1100.3,1143,1097.5,1127.6,30923,1127.6
2019-11-11,1100,1105,1097.1,1100.3,28554,1100.3
2019-11-10,1119,1119,1096,1098.8,21385,1098.8
2019-11-09,1108,1115,1097,1109.7,29392,1109.7
2019-11-08,1117.8,1117.8,1095.2,1101.4,17995,1101.4
2019-11-07,1115,1125,1110,1111.3,18874,1111.3
2019-11-06,1115,1121,1106,1108.3,18428,1108.3
2019-11-05,1132.9,1135,1110,1113.3,22644,1113.3
2019-11-04,1142.1,1147.1,1132.2,1134.2,20247,1134.2
2019-11-03,1149,1153,1139,1142.1,10615,1142.1
2019-11-02,1143.1,1148,1139,1140.9,12258,1140.9
2019-11-01,1148.7,1148.7,1140.1,1141.2,13032,1141.2
2019-10-31,1153,1158.9,1141.5,1143.2,19306,1143.2
2019-10-30,1166.8,1166.8,1149,1150.1,19452,1150.1
2019-10-29,1171,1174,1151,1154.5,27829,1154.5
2019-10-28,1180,1182,1165.2,1169.2,25113,1169.2
2019-10-27,1183.2,1185,1168.1,1171.1,29506,1171.1
2019-10-26,1198.2,1200,1181.1,1182.9,37742,1182.9
2019-10-25,1179.9,1205,1171,1198.2,47864,1198.2
2019-10-24,1144.8,1173.9,1142,1168.1,27159,1168.1
2019-10-23,1155,1179.7,1140,1141.8,45524,1141.8
2019-10-22,1185,1189.4,1143.5,1149.6,40257,1149.6
2019-10-21,1185,1230,1173,1178.2,112302,1178.2
2019-10-20,1101.6,1170.3,1101.6,1165.8,83957,1165.8
2019-10-19,1118.6,1127,1097,1101.5,34050,1101.5
2019-10-18,1140,1140,1109,1118.6,41852,1118.6
2019-10-17,1157.1,1169,1135,1138.5,61966,1138.5
2019-10-16,1170,1171,1152,1153.4,57244,1153.4
2019-10-15,1172.5,1180,1165.1,1169.4,36762,1169.4
2019-10-14,1180,1184,1170,1172.5,33152,1172.5
2019-10-13,1191.9,1191.9,1170,1171.3,46003,1171.3
2019-10-12,1207.6,1207.6,1191,1191.8,34012,1191.8
2019-10-11,1220,1220,1205,1205.7,36269,1205.7
2019-10-10,1215,1220,1205.3,1210.9,29504,1210.9
2019-10-09,1224,1230,1205,1209.8,32499,1209.8
2019-10-08,1149,1255,1149,1224,66024,1224
2019-10-07,1171,1200,1170,1196,44121,1196
2019-10-06,1190,1198,1161,1171.6,41137,1171.6
2019-10-05,1203.6,1205,1187,1189.8,37630,1189.8
2019-10-04,1212.7,1212.7,1201.6,1203.6,49726,1203.6
2019-10-03,1213.8,1220.8,1210,1210.7,30058,1210.7
2019-10-02,1222,1223,1215.1,1216.5,43620,1216.5
2019-10-01,1223.5,1230,1218.1,1220.1,46786,1220.1
2019-09-30,1229.6,1234.7,1218,1223.5,22868,1223.5
2019-09-29,1223,1230,1208.1,1227.4,25639,1227.4
2019-09-28,1228.1,1233.8,1214.9,1217,41928,1217
2019-09-27,1230.5,1236.5,1225.2,1227.7,57175,1227.7
2019-09-26,1235.1,1243.7,1228.4,1229.3,32282,1229.3
2019-09-25,1244,1249.9,1230.1,1233.6,35651,1233.6
2019-09-24,1231.4,1250.1,1228,1238.5,43502,1238.5
2019-09-23,1241,1255,1222.2,1230.5,50590,1230.5
2019-09-22,1300,1300,1236.8,1250.6,75873,1250.6
2019-09-21,1325,1340,1315.1,1319.2,27539,1319.2
2019-09-20,1315,1339,1301,1329,26030,1329
2019-09-19,1253.1,1300,1253.1,1298.1,32868,1298.1
2019-09-18,1258,1258,1237.1,1251.2,14606,1251.2
2019-09-17,1228,1259.9,1228,1254.9,19411,1254.9
2019-09-16,1252.6,1257,1210,1219.7,51856,1219.7
2019-09-15,1275.1,1275.1,1256.2,1258,23537,1258
2019-09-14,1272.6,1285,1272.5,1275,18391,1275
2019-09-13,1284,1288.2,1273.1,1274.4,27632,1274.4
2019-09-12,1280.4,1290,1270,1283.7,17399,1283.7
2019-09-11,1290,1299.7,1271,1272.3,28330,1272.3
2019-09-10,1300.1,1300.1,1290,1292,18467,1292
2019-09-09,1299,1304.9,1293,1299.8,17547,1299.8
2019-09-08,1310.1,1315,1292.1,1296.3,26725,1296.3
2019-09-07,1316.1,1329.7,1306.7,1309.8,24276,1309.8
2019-09-06,1314,1333,1307.7,1315.1,23192,1315.1
2019-09-05,1329.5,1329.5,1310.5,1314,27539,1314
2019-09-04,1344,1345.1,1325,1326.2,35371,1326.2
2019-09-03,1357,1357,1342.2,1343.5,20173,1343.5
2019-09-02,1373,1374,1345.2,1348.3,32195,1348.3
2019-09-01,1355,1375,1351,1368.1,23349,1368.1
2019-08-31,1354,1385,1347.2,1349.9,64648,1349.9
2019-08-30,1350,1373,1344.1,1352.6,40641,1352.6
2019-08-29,1350,1350,1341,1344.2,17472,1344.2
2019-08-28,1347,1351.8,1346.1,1349,27728,1349
2019-08-27,1360,1360,1345,1346.1,25462,1346.1
2019-08-26,1365,1369.9,1355.2,1357.9,24856,1357.9
2019-08-25,1378.1,1387.9,1365,1367.8,20033,1367.8
2019-08-24,1384.4,1384.5,1362,1377.5,19368,1377.5
2019-08-23,1401.5,1416,1360,1367.8,54715,1367.8
2019-08-22,1425,1439.2,1400,1406.4,48262,1406.4
2019-08-21,1405,1410,1394.1,1401,46310,1401
2019-08-20,1420,1429.4,1401.4,1403.9,43674,1403.9
2019-08-19,1415,1427,1413.7,1418,38934,1418
2019-08-18,1398,1433,1398,1413.6,94385,1413.6
2019-08-17,1330.5,1397,1330,1383.1,37523,1383.1
2019-08-16,1331,1336.9,1317,1325.9,34754,1325.9
2019-08-15,1340,1353,1325.1,1329.3,55898,1329.3
2019-08-14,1264.9,1337.3,1250,1331.3,81599,1331.3
2019-08-13,1261,1265,1241,1258.7,69998,1258.7
2019-08-12,1334,1335,1251.5,1267.5,113779,1267.5
2019-08-11,1335,1338,1334,1334.9,9954,1334.9
2019-08-10,1340,1341.5,1333.2,1334.6,10598,1334.6
2019-08-09,1347,1350,1333,1335.7,11012,1335.7
2019-08-08,1355,1355,1346,1347.4,8419,1347.4
2019-08-07,1359.9,1359.9,1345.7,1348.7,10632,1348.7
2019-08-06,1356.9,1357,1337,1341.9,7255,1341.9
2019-08-05,1353.7,1360,1340,1341.7,10387,1341.7
2019-08-04,1383,1383,1351,1353.5,10623,1353.5
2019-08-03,1378.8,1379.1,1366.1,1367.3,9919,1367.3
2019-08-02,1399,1399,1375.1,1377.8,9564,1377.8
2019-08-01,1388,1394.1,1381,1383.3,7308,1383.3
2019-07-31,1393.1,1393.1,1374.1,1385.4,8281,1385.4
2019-07-30,1438.7,1438.7,1391.1,1393.1,19729,1393.1
2019-07-29,1450,1450,1410,1427.9,14557,1427.9
2019-07-28,1440,1449,1371,1440.2,22251,1440.2
2019-07-27,1365,1399,1365,1369.6,22795,1369.6
2019-07-26,1335,1386.9,1334.4,1370.8,19753,1370.8
2019-07-25,1405,1405,1331,1341.4,22011,1341.4
2019-07-24,1440,1443.9,1396.2,1400,19518,1400
2019-07-23,1440,1447.5,1432.1,1436.9,13533,1436.9
2019-07-22,1457.7,1457.8,1433,1439.8,17142,1439.8
2019-07-21,1479,1480,1457.2,1459.1,18526,1459.1
2019-07-20,1480,1497.7,1473,1477.2,25830,1477.2
2019-07-19,1466.2,1485,1466.2,1476.8,16473,1476.8
2019-07-18,1480.6,1505,1462.2,1466.2,20627,1466.2
2019-07-17,1520,1520,1465.6,1480.6,33811,1480.6
2019-07-16,1533,1549.9,1501,1504.9,32330,1504.9
2019-07-15,1509.2,1543.7,1508.7,1532.6,34436,1532.6
2019-07-14,1560,1560,1497.5,1508.7,56255,1508.7
2019-07-13,1673.3,1673.3,1568.8,1569.5,129194,1569.5
2019-07-12,1717.9,1717.9,1640.1,1673.3,338926,1673.3
2019-07-11,1616.9,1616.9,1616.9,1616.9,42588,1616.9
2019-07-10,4633,4650,4549.1,4565.5,82343,4565.5
2019-07-09,4544.2,4685,4544.2,4607.4,53757,4607.4
2019-07-08,4550,4590,4529.1,4539.5,77300,4539.5
2019-07-07,4483,4600,4483,4547.1,52075,4547.1
2019-07-06,4541,4545,4473.5,4483.1,58846,4483.1
2019-07-05,4650,4650,4528.1,4533.9,58491,4533.9
2019-07-04,4658.6,4659,4598.1,4601.1,42368,4601.1
2019-07-03,4665,4697.9,4600,4626.4,26846,4626.4
2019-07-02,4684.1,4740,4642,4658.1,35897,4658.1
2019-07-01,4750,4750,4652,4684.1,42257,4684.1
2019-06-30,4925,4925,4700,4720.9,61701,4720.9
2019-06-29,4850,5014.8,4819,4904.2,65034,4904.2
2019-06-28,4549.4,4776.8,4535,4776.7,113460,4776.7
2019-06-27,4610,4610,4482,4549.4,95837,4549.4
2019-06-26,5100,5500,4546.1,4580,159122,4580
2019-06-25,4100,4130,3941.1,3949.5,15313,3949.5
2019-06-24,3799,3938.1,3760,3938.1,9867,3938.1
2019-06-23,3765,3765,3706,3750.6,2197,3750.6
2019-06-22,3759.9,3759.9,3710.1,3745.5,393,3745.5
2019-06-21,3799.9,3799.9,3680,3714.5,1087,3714.5
2019-06-20,3762,3778,3650,3777.3,8609,3777.3
2019-06-19,3717.3,3780,3717.3,3765,838,3765
2019-06-18,3570,3750,3570,3717.3,177,3717.3
2019-06-17,3620,3649,3620,3641.9,214,3641.9
2019-06-16,3650,3665,3649,3652.4,1068,3652.4
2019-06-15,3649.2,3658,3645.9,3652.9,206,3652.9
2019-06-14,3665,3668.1,3500,3649.2,1410,3649.2
2019-06-13,3668.9,3668.9,3668.9,3668.9,1,3668.9
2019-06-12,3680,3690,3635,3660,946,3660
2019-06-11,3650,3673,3620,3663.7,379,3663.7
2019-06-10,3602,3665,3600,3655.6,1323,3655.6
2019-06-09,3699.8,3699.8,3600.2,3652.8,1825,3652.8
2019-06-08,3655,3729,3655,3665.2,196,3665.2
2019-06-07,3715,3720,3690,3712.1,8222,3712.1
2019-06-06,3745,3745,3630,3709.4,1484,3709.4
2019-06-05,3625,3659,3625,3649.3,854,3649.3
2019-06-04,3550,3610,3540.1,3600.7,4222,3600.7
2019-06-03,3549,3550,3530,3539.9,1161,3539.9
2019-06-02,3550,3550,3523.1,3526.8,649,3526.8
2019-06-01,3500,3574.9,3500,3549.1,1533,3549.1
2019-05-31,3550,3599.7,3500,3567.4,4413,3567.4
2019-05-30,3450.1,3510,3430,3500.5,1742,3500.5
2019-05-29,3455,3462,3455,3461.1,261,3461.1
2019-05-28,3450,3490,3450,3479,1356,3479
2019-05-27,3460,3477.1,3460,3460.1,594,3460.1
2019-05-26,3451.7,3460.2,3451.7,3459.4,158,3459.4
2019-05-25,3450.1,3499,3440.5,3451.7,321,3451.7
2019-05-24,3455,3461,3450,3450.1,2045,3450.1
2019-05-23,3480,3487,3456.1,3458.5,929,3458.5
2019-05-22,3455.6,3500,3451,3453,644,3453
2019-05-21,3455.6,3455.6,3455.6,3455.6,6,3455.6
2019-05-20,3481,3539,3452,3455.6,2819,3455.6
2019-05-19,3599.9,3599.9,3480.4,3494.4,650,3494.4
2019-05-18,3510,3600,3510,3527.2,1627,3527.2
2019-05-17,3456,3500,3451.3,3475.1,191,3475.1
2019-05-16,3442.7,3465,3442.7,3458,231,3458
2019-05-15,3434.3,3478.8,3434.3,3452.7,5547,3452.7
2019-05-14,3433.7,3469.6,3433.3,3450.1,1832,3450.1
2019-05-13,3450.2,3460,3448.5,3452.3,1833,3452.3
2019-05-12,3312,3549,3312,3447.5,50,3447.5
2019-05-11,3450.1,3460,3450,3450.1,301,3450.1
2019-05-10,3463.3,3470,3463.2,3464.2,1011,3464.2
2019-05-09,3512.2,3512.2,3500,3504.4,349,3504.4
2019-05-08,3539,3550,3500,3541.7,2050,3541.7
2019-05-07,3528,3550,3470,3536.5,5747,3536.5
2019-05-06,3461,3530,3461,3524.9,1349,3524.9
2019-05-05,3460.1,3530,3460.1,3503.2,5621,3503.2
2019-05-04,3420,3499.9,3391,3456.7,30028,3456.7
2019-05-03,3398.4,3430,3398.4,3427.9,15881,3427.9
2019-05-02,3394.4,3397.7,3350.1,3374.5,124,3374.5
2019-05-01,3374,3400,3370,3397.1,314,3397.1
2019-04-30,3400,3448.1,3385,3398.5,623,3398.5
2019-04-29,3461,3497.3,3400,3471.1,2298,3471.1
2019-04-28,3351.2,3511.8,3340,3483.8,17536,3483.8
2019-04-27,3314,3370,3300,3344.6,14805,3344.6
2019-04-26,3293.1,3335,3280,3313.1,89,3313.1
2019-04-25,3280,3300,3275.1,3293.1,435,3293.1
2019-04-24,3300,3300,3294,3299.8,323,3299.8
2019-04-23,3320,3320,3280,3290.3,403,3290.3
2019-04-22,3281.2,3354.6,3280,3308.5,386,3308.5
2019-04-21,3330,3335,3280,3291.1,104,3291.1
2019-04-20,3370.9,3370.9,3312,3316.6,141,3316.6
2019-04-19,3364,3375,3349,3357.1,311,3357.1
2019-04-18,3380,3390,3343.2,3363.5,1271,3363.5
2019-04-17,3380,3400,3350,3351.4,3100,3351.4
2019-04-16,3350,3396,3350,3376.1,240,3376.1
2019-04-15,3348.9,3350,3338.2,3344.9,177,3344.9
2019-04-14,3325,3355,3310,3337.1,37,3337.1
2019-04-13,3349.9,3350,3348,3349.4,319,3349.4
2019-04-12,3330,3350,3330,3341.9,654,3341.9
2019-04-11,3350,3350,3300,3306.7,163,3306.7
2019-04-10,3320,3344.9,3315,3323.5,379,3323.5
2019-04-09,3315,3315.6,3311.6,3313.8,22,3313.8
2019-04-08,3310,3348.9,3306,3337,886,3337
2019-04-07,3311.1,3311.1,3300,3304.8,266,3304.8
2019-04-06,3311,3311,3311,3311,10,3311
2019-04-05,3300,3330,3280.2,3320.4,4362,3320.4
2019-04-04,3290.1,3318,3290.1,3290.6,56,3290.6
2019-04-03,3331,3331,3290,3295.2,55,3295.2
2019-04-02,3300,3300,3280,3290.9,69,3290.9
2019-04-01,3397,3397,3300,3307.8,38,3307.8
2019-03-31,3275.2,3331,3275.2,3327.9,298,3327.9
2019-03-30,3332,3332,3276,3313.7,146,3313.7
2019-03-29,3340,3359,3232,3330.6,7,3330.6
2019-03-28,3335,3355,3333,3337,432,3337
2019-03-27,3340,3343.9,3275,3307.8,72,3307.8
2019-03-26,3270,3319,3252.1,3304.2,53,3304.2
2019-03-25,3300,3300,3256.1,3261.1,123,3261.1
2019-03-24,3336.2,3340,3250,3297.4,227,3297.4
2019-03-23,3286,3350,3286,3336.2,209,3336.2
2019-03-22,3365,3365,3320,3351.8,190,3351.8
2019-03-21,3394.5,3394.5,3332.5,3369.5,327,3369.5
2019-03-20,3310,3398.9,3310,3367.5,132,3367.5
2019-03-19,3329.9,3329.9,3329.9,3329.9,2,3329.9
2019-03-18,3310,3310,3303,3303.1,232,3303.1
2019-03-17,3330,3330,3300,3300.3,589,3300.3
2019-03-16,3360,3370,3327,3331.2,1382,3331.2
2019-03-15,3349.5,3360,3305,3327.3,377,3327.3
2019-03-14,3300.5,3373,3300,3301,161,3301
2019-03-13,3300,3301.3,3300,3300.5,77,3300.5
2019-03-12,3312,3315,3310,3313.2,225,3313.2
2019-03-11,3311,3350,3310,3311.2,66,3311.2
2019-03-10,3311,3311.1,3311,3311,23,3311
2019-03-09,3353.6,3370,3310,3311,2160,3311
2019-03-08,3390,3399,3360.7,3372.4,958,3372.4
2019-03-07,3394,3395,3350,3390,6245,3390
2019-03-06,3333,3390,3333,3379.8,26683,3379.8
2019-03-05,3350,3394,3350,3372.7,11,3372.7
2019-03-04,3312,3390,3304,3314.7,466,3314.7
2019-03-03,3302.9,3305.3,3300,3300.4,160,3300.4
2019-03-02,3303,3303,3302,3302.9,58,3302.9
2019-03-01,3300,3400,3300,3362.7,94,3362.7
2019-02-28,3400,3400,3361,3391.9,84,3391.9
2019-02-27,3309,3469.3,3309,3452.4,14957,3452.4
2019-02-26,3290,3319.5,3290,3304.1,340,3304.1
2019-02-25,3300,3310.1,3295,3296.5,675,3296.5
2019-02-24,3292,3319.9,3292,3301.9,280,3301.9
2019-02-23,3292.1,3315,3292,3300,853,3300
2019-02-22,3290,3290,3290,3290,831,3290
2019-02-21,3280,3325,3280,3313.5,116,3313.5
2019-02-20,3280,3300,3280,3299.3,388,3299.3
2019-02-19,3322,3322,3300,3300.3,326,3300.3
2019-02-18,3335,3336,3320,3327.3,876,3327.3
2019-02-17,3325,3355,3325,3348.2,387,3348.2
2019-02-16,3325.5,3334,3320,3321.5,167,3321.5
2019-02-15,3300,3330,3300,3312.1,7303,3312.1
2019-02-14,3300,3309,3272,3300.2,793,3300.2
2019-02-13,3285,3285,3270,3277.4,1047,3277.4
2019-02-12,3275.3,3303.9,3275.1,3293.5,155,3293.5
2019-02-11,3265,3320,3240,3306.2,697,3306.2
2019-02-10,3257,3275,3257,3269.3,271,3269.3
2019-02-09,3278,3278.1,3250,3255.8,569,3255.8
2019-02-08,3322,3322,3276,3276.9,368,3276.9
2019-02-07,3295,3306.5,3280,3291.4,1762,3291.4
2019-02-06,3281,3300.1,3280.1,3299.9,611,3299.9
2019-02-05,3252.2,3310,3252.2,3301.7,521,3301.7
2019-02-04,3234.1,3335,3234.1,3302.3,1937,3302.3
2019-02-03,3237.1,3265,3237.1,3240.2,771,3240.2
2019-02-02,3232.3,3240,3231.2,3237.1,779,3237.1
2019-02-01,3240,3269.9,3230,3231,620,3231
2019-01-31,3235.2,3250,3235,3246.7,2608,3246.7
2019-01-30,3280,3300,3271,3275.2,2934,3275.2
2019-01-29,3240,3298,3220,3277.1,421,3277.1
2019-01-28,3254.9,3255,3225,3226.4,195,3226.4
2019-01-27,3329.9,3329.9,3220,3232.9,699,3232.9
2019-01-26,3349.9,3355,3198.3,3216.4,12002,3216.4
2019-01-25,3240,3385.8,3187,3196,3072,3196
2019-01-24,3197.3,3238,3160,3224.6,629,3224.6
2019-01-23,3250,3250,3196,3199,233,3199
2019-01-22,3220.2,3220.2,3200,3201.6,711,3201.6
2019-01-21,3210,3268,3200.1,3240.4,259,3240.4
2019-01-20,3250,3299.1,3250,3269.4,40,3269.4
2019-01-19,3300.8,3390,3250,3251.5,3473,3251.5
2019-01-18,3300,3300,3285.3,3299.3,1054,3299.3
2019-01-17,3295,3340,3291.2,3303,765,3303
2019-01-16,3349.9,3349.9,3279,3293.9,288,3293.9
2019-01-15,3351,3390,3290,3296.4,8771,3296.4
2019-01-14,3340,3398,3300,3331.1,977,3331.1
2019-01-13,3371,3400,3301,3308,2147,3308
2019-01-12,3420,3420,3336,3370.6,187,3370.6
2019-01-11,3406,3406.1,3406,3406,65,3406
2019-01-10,3432,3432,3405,3423.9,231,3423.9
2019-01-09,3529,3529,3430,3438.4,188,3438.4
2019-01-08,3411.1,3411.1,3411.1,3411.1,28,3411.1
2019-01-07,3575,3575,3450,3456.7,356,3456.7
2019-01-06,3496,3496,3431,3440.4,374,3440.4
2019-01-05,3494,3494,3415.2,3419.9,895,3419.9
2019-01-04,3430,3471.4,3421,3442.3,495,3442.3
2019-01-03,3525.1,3530,3420.1,3449.9,430,3449.9
2019-01-02,3460,3498.5,3455.2,3492.3,294,3492.3
2019-01-01,3450.1,3461,3450.1,3455,76,3455
2018-12-31,3450,3470,3450,3451.4,73,3451.4
2018-12-30,3450,3489.5,3385,3482.3,121,3482.3
2018-12-29,3410,3508,3400,3478.9,258,3478.9
2018-12-28,3469.9,3469.9,3425,3438.8,25,3438.8
2018-12-27,3403,3425,3402.1,3414.7,691,3414.7
2018-12-26,3419.9,3500,3376.1,3399.3,943,3399.3
2018-12-25,3371,3390.1,3370,3389,60,3389
2018-12-24,3400,3408.9,3351.1,3394.5,2531,3394.5
2018-12-23,3335,3390,3335,3390,5923,3390
2018-12-22,3394.6,3420,3361.1,3383.4,102,3383.4
2018-12-21,3380,3409,3375,3394.6,365,3394.6
2018-12-20,3343,3419.4,3343,3399.2,526,3399.2
2018-12-19,3392,3399.9,3390,3392,278,3392
2018-12-18,3405,3405,3386.2,3392.6,348,3392.6
2018-12-17,3409.9,3409.9,3400,3400.2,318,3400.2
2018-12-16,3400,3437,3400,3411.9,250,3411.9
2018-12-15,3371,3398.9,3370,3370.8,521,3370.8
2018-12-14,3365,3409.9,3363.1,3388.4,219,3388.4
2018-12-13,3407.5,3448,3400,3402.9,195,3402.9
2018-12-12,3470,3470,3401,3407.5,2267,3407.5
2018-12-11,3401.1,3493.9,3401.1,3463,3,3463
2018-12-10,3395,3500,3395,3468.3,155,3468.3
2018-12-09,3430.1,3430.1,3385.1,3398,524,3398
2018-12-08,3422.1,3460,3422.1,3444.1,169,3444.1
2018-12-07,3499.9,3559.9,3480,3495,1083,3495
2018-12-06,3401,3401,3401,3401,1,3401
2018-12-05,3400,3400,3351,3398.9,148,3398.9
2018-12-04,3426,3436,3415,3429.6,1598,3429.6
2018-12-03,3477,3477,3400,3425.7,3,3425.7
2018-12-02,3365,3450,3365,3412.4,587,3412.4
2018-12-01,3441,3441,3405.1,3410.3,172,3410.3
2018-11-30,3458,3458,3440,3440.8,581,3440.8
2018-11-29,3460,3467.9,3430.1,3459.9,9622,3459.9
2018-11-28,3504,3504.1,3430,3463.4,112,3463.4
2018-11-27,3456.2,3510,3450,3500.4,10660,3500.4
2018-11-26,3415.4,3498,3415.4,3454.5,315,3454.5
2018-11-25,3349.5,3435,3349.5,3415.4,2684,3415.4
2018-11-24,3341,3349.5,3341,3347.1,20,3347.1
2018-11-23,3331.2,3387.9,3330.1,3330.9,82,3330.9
2018-11-22,3355,3378,3306.2,3312.7,921,3312.7
2018-11-21,3388,3388,3350.3,3351.1,268,3351.1
2018-11-20,3360,3399,3340,3350.9,200,3350.9
2018-11-19,3380,3380,3341.5,3350.9,1097,3350.9
2018-11-18,3450,3450,3350,3361.8,507,3361.8
2018-11-17,3438,3438,3362,3368.6,3016,3368.6
2018-11-16,3410,3415,3400,3409.4,1601,3409.4
2018-11-15,3398,3449.8,3398,3413.6,38,3413.6
2018-11-14,3400,3411,3385,3394.6,874,3394.6
2018-11-13,3450,3450,3382.5,3389.4,864,3389.4
2018-11-12,3404,3410,3402,3403.1,305,3403.1
2018-11-11,3430,3439,3413,3427.5,329,3427.5
2018-11-10,3440,3498,3380,3435.2,5400,3435.2
2018-11-09,3439.9,3439.9,3381,3388.9,427,3388.9
2018-11-08,3380.6,3490.8,3380.6,3404.5,483,3404.5
2018-11-07,3498,3498,3350,3389.2,724,3389.2
2018-11-06,3490,3490,3456.3,3459.1,890,3459.1
2018-11-05,3500,3569,3480.1,3488,222,3488
2018-11-04,3620,3620,3502,3513.6,76,3513.6
2018-11-03,3485,3519.4,3480,3505.6,97,3505.6
2018-11-02,3537,3537.9,3506,3511.2,84,3511.2
2018-11-01,3519.9,3540,3472,3506.6,488,3506.6
2018-10-31,3520,3520,3425,3460.2,1574,3460.2
2018-10-30,3540,3540,3485,3500.1,951,3500.1
2018-10-29,3505.6,3535,3502,3512.3,53,3512.3
2018-10-28,3492,3545,3485,3499.9,268,3499.9
2018-10-27,3546.1,3546.1,3482,3490.8,810,3490.8
2018-10-26,3601,3602,3523,3538.9,686,3538.9
2018-10-25,3599,3647.8,3597.4,3621.6,255,3621.6
2018-10-24,3650,3650,3600.1,3613,323,3613
2018-10-23,3610,3610,3600,3602.4,1027,3602.4
2018-10-22,3588.5,3650,3588.5,3608.1,7307,3608.1
2018-10-21,3590.1,3590.1,3580,3588.5,292,3588.5
2018-10-20,3620,3620,3559,3588.4,1540,3588.4
2018-10-19,3650,3650,3592,3599.9,685,3599.9
2018-10-18,3660,3700,3660,3685.5,386,3685.5
2018-10-17,3640,3668,3640,3661,4,3661
2018-10-16,3700,3700,3650,3651.1,225,3651.1
2018-10-15,3604.1,3677,3604.1,3623,208,3623
2018-10-14,3647,3650,3600,3601.1,13242,3601.1
2018-10-13,3684.1,3685.5,3625.2,3645.7,269,3645.7
2018-10-12,3780,3780,3680,3684.1,215,3684.1
2018-10-11,3651.5,3749,3651.5,3712.2,609,3712.2
2018-10-10,3707,3710,3691.5,3704.5,329,3704.5
2018-10-09,3737.9,3737.9,3680,3691.5,105,3691.5
2018-10-08,3750,3750,3670,3693,149,3693
2018-10-07,3720,3720,3700,3704.2,170,3704.2
2018-10-06,3790,3799,3748,3780,161,3780
2018-10-05,3800,3800,3726.5,3777.1,4212,3777.1
2018-10-04,3780,3810,3688.2,3777.8,1413,3777.8
2018-10-03,3800,3838,3770,3771.8,836,3771.8
2018-10-02,3640,3785.7,3640,3784.6,3496,3784.6
2018-10-01,3560,3640,3555.2,3605.5,3789,3605.5
2018-09-30,3549,3570,3545,3558.9,1775,3558.9
2018-09-29,3550,3550,3502.2,3528.3,921,3528.3
2018-09-28,3520,3520,3460,3518.1,1099,3518.1
2018-09-27,3430,3450,3430,3437.8,6007,3437.8
2018-09-26,3422.1,3445,3422.1,3430,345,3430
2018-09-25,3421.6,3425,3421.2,3425,1590,3425
2018-09-24,3416.4,3425,3416.4,3420.4,108,3420.4
2018-09-23,3413.2,3425,3413.2,3414.8,1067,3414.8
2018-09-22,3400.4,3416,3400.4,3413.2,12710,3413.2
2018-09-21,3410,3410,3400.3,3400.4,270,3400.4
2018-09-20,3401,3427,3400.1,3425,445,3425
2018-09-19,3395,3427,3395,3411.9,288,3411.9
2018-09-18,3395.5,3420,3395.1,3395.7,203,3395.7
2018-09-17,3392,3415,3391.6,3393.1,31,3393.1
2018-09-16,3425,3440,3425,3425.1,391,3425.1
2018-09-15,3426.9,3435,3418,3425.3,104,3425.3
2018-09-14,3370,3430,3370,3426.9,21,3426.9
2018-09-13,3400,3400,3370,3380.3,106,3380.3
2018-09-12,3401.6,3401.6,3378,3400.3,921,3400.3
2018-09-11,3390,3410,3370,3401.6,507,3401.6
2018-09-10,3398,3400,3380,3398.6,459,3398.6
2018-09-09,3390,3400,3350,3367.5,783,3367.5
2018-09-08,3365,3385,3365,3370,240,3370
2018-09-07,3370,3370,3345,3363.8,65,3363.8
2018-09-06,3420,3448,3360,3403.7,197,3403.7
2018-09-05,3350,3380,3350,3379.5,385,3379.5
2018-09-04,3355,3370,3345,3353.2,154,3353.2
2018-09-03,3307,3344.9,3302.1,3319.4,613,3319.4
2018-09-02,3400,3400,3319.1,3338.6,1432,3338.6
2018-09-01,3405.5,3405.5,3369,3402.9,139,3402.9
2018-08-31,3475,3490,3401,3402.6,335,3402.6
2018-08-30,3490,3490,3460,3465,77,3465
2018-08-29,3490,3493,3459.9,3488.6,331,3488.6
2018-08-28,3516.9,3570,3500.1,3520.4,353,3520.4
2018-08-27,3575,3575,3500,3509.4,2622,3509.4
2018-08-26,3350,3499,3350,3497.9,132357,3497.9
2018-08-25,3301,3345,3300,3332.8,1118,3332.8
2018-08-24,3330,3340,3300,3340,355,3340
2018-08-23,3101,3102,3100,3101.3,446,3101.3
2018-08-22,3070,3105,3070,3103.7,1032,3103.7
2018-08-21,3000.3,3100,3000.3,3067.8,957,3067.8
2018-08-20,3010,3048,3010,3014.6,25,3014.6
2018-08-19,3000,3043,3000,3003,202,3003
2018-08-18,3050,3050,3016,3032.9,17,3032.9
2018-08-17,3050,3050,3050,3050,7,3050
2018-08-16,3040,3079,3040,3044.7,26,3044.7
2018-08-15,3024,3025.3,3024,3024.3,4,3024.3
2018-08-14,2785.1,2785.1,2785.1,2785.1,1,2785.1
2018-08-13,2785,2785,2780,2784.4,17,2784.4
2018-08-12,2780,2800,2780,2783.1,211,2783.1
2018-08-11,2765.1,2801,2765,2766.9,222,2766.9
2018-08-10,2900,2900,2900,2900,10,2900
2018-08-09,2851.2,3020,2851.2,2876.7,39,2876.7
