"","Date","Open","High","Low","Close","Volume"
"1",2019-12-30,43.1,45.1,43.1,44.9,1783300
"2",2019-12-29,42.2,43.1,42.2,43,622498
"3",2019-12-26,41.5,42.8,40.5,42.4,1305900
"4",2019-12-24,42,42.6,40.8,41.5,1083550
"5",2019-12-23,43.9,44,42.1,42.4,1560440
"6",2019-12-22,42.7,43.8,41.6,43.5,1689690
"7",2019-12-19,42.1,43.5,40.8,42.3,1944830
"8",2019-12-18,40.5,42.4,40.5,42.1,2102500
"9",2019-12-17,38.5,40.7,38.5,39.9,3360370
"10",2019-12-15,37.2,38.2,36.9,38,1941130
"11",2019-12-12,36.4,37.2,35.9,36.9,956537
"12",2019-12-11,35.6,36.3,34.8,36.1,1917230
"13",2019-12-10,36,36.5,35.2,35.5,813255
"14",2019-12-09,37,37,35.8,35.9,1346650
"15",2019-12-08,37.4,38.4,36.8,37.1,1528860
"16",2019-12-05,35,37.4,34.8,37,1903120
"17",2019-12-04,34.6,35.1,33.9,34.5,1126540
"18",2019-12-03,35.6,35.6,34.5,34.6,628549
"19",2019-12-02,35.3,35.9,35,35.2,1000180
"20",2019-12-01,34.9,35.7,33.7,34.6,2639380
"21",2019-11-28,35.6,36.1,35.2,35.4,1168330
"22",2019-11-27,36.7,37.2,35.3,35.6,1868630
"23",2019-11-26,36.4,38,35.4,36.6,3267910
"24",2019-11-25,36.9,37.2,35.3,36.4,3040860
"25",2019-11-24,34.4,37.3,34.2,37,3090190
"26",2019-11-21,33.1,34.6,31.2,34.1,8534820
"27",2019-11-20,31.9,34.2,31.9,33.8,2583490
"28",2019-11-19,28.6,31.3,28.4,31.3,2087710
"29",2019-11-18,28.1,29,27.9,28.5,682459
"30",2019-11-14,28.3,28.8,28,28.2,1906470
"31",2019-11-13,28.1,28.5,27.2,28.4,939085
"32",2019-11-12,28.7,28.7,27.7,28.1,498675
"33",2019-11-11,27.5,28.8,27.1,28.4,971904
"34",2019-11-07,27.9,28.3,27.3,27.5,1157990
"35",2019-11-06,26.9,27.8,26.9,27.7,1288150
"36",2019-11-05,27,27.2,26.3,26.8,661099
"37",2019-11-04,27,27.2,26.7,26.9,308603
"38",2019-11-03,27.5,27.6,26.9,27.1,614623
"39",2019-10-31,27.5,28.4,27.1,27.3,542923
"40",2019-10-30,26.3,27.6,26.3,27.5,934724
"41",2019-10-29,26.8,27,26.2,26.3,684533
"42",2019-10-28,26.7,27.3,26,26.8,756069
"43",2019-10-27,24,27.5,24,26.8,2225860
"44",2019-10-24,26.6,26.6,24.9,25.1,1464570
"45",2019-10-23,26.3,27,26,26.2,719610
"46",2019-10-22,28.2,28.4,26.4,26.7,1142740
"47",2019-10-21,28.5,28.8,28.3,28.6,1887610
"48",2019-10-20,29.3,29.3,28.5,28.7,663497
"49",2019-10-17,29,29.6,28.4,29.2,2009950
"50",2019-10-16,28.4,29,28.2,28.8,1851220
"51",2019-10-15,28,28.9,27.9,28.6,3613090
"52",2019-10-14,28,28.3,27.8,27.9,1404370
"53",2019-10-13,27.9,28.2,27.6,28,2529000
"54",2019-10-10,28.4,28.6,27.7,28.2,1965460
"55",2019-10-09,29.3,29.4,28.4,28.8,1910740
"56",2019-10-07,28.2,29.3,28,29.2,1754770
"57",2019-10-06,28.7,28.8,27.8,28.1,4070800
"58",2019-10-03,29.2,30,28.2,28.7,3872680
"59",2019-10-02,28,29.5,27.9,29.1,2785590
"60",2019-10-01,27.4,28.4,27.4,27.9,3813970
"61",2019-09-30,27.2,27.5,26.6,27.4,3029120
"62",2019-09-29,27.7,27.7,26.5,27,716547
"63",2019-09-26,27.8,28.3,27.6,27.7,1470990
"64",2019-09-25,28.2,28.4,27.5,28.1,2116540
"65",2019-09-24,28,28.3,26.8,27.9,4406800
"66",2019-09-23,27.2,28.1,27,27.8,3158760
"67",2019-09-22,25.5,27.1,25.1,27,1806040
"68",2019-09-19,25.8,26.1,24.3,25,3193880
"69",2019-09-18,26.8,27.2,25.5,25.8,2497800
"70",2019-09-17,27.1,27.6,26.5,26.8,3412440
"71",2019-09-16,28,28,27,27.1,3857500
"72",2019-09-15,28.7,28.7,27.7,28,3122300
"73",2019-09-12,29,29.4,28,28.7,4273290
"74",2019-09-11,27.7,29.2,27.7,29,8184060
"75",2019-09-09,27,28.2,26.9,27.6,4061890
"76",2019-09-08,26.3,27.2,26.1,26.9,4657200
"77",2019-09-05,26.2,26.4,25.9,26.2,2075860
"78",2019-09-04,25.7,26.2,25.6,26,2815300
"79",2019-09-03,25.7,25.8,25.2,25.6,2998920
"80",2019-09-02,25.9,26.1,25.5,25.6,3509630
"81",2019-09-01,25.4,26,25.2,25.9,2872790
"82",2019-08-29,25.5,25.5,25,25.4,3556270
"83",2019-08-28,25.8,26.2,25.3,25.4,3165170
"84",2019-08-27,25.5,25.9,25.3,25.8,3876800
"85",2019-08-26,25.2,25.5,24.8,25.3,3881940
"86",2019-08-25,24.6,25.4,24.6,25.1,5238020
"87",2019-08-22,25,25,24.5,24.6,2240390
"88",2019-08-21,25.4,25.8,24.6,24.9,4573800
"89",2019-08-20,24.5,25.4,24.4,25.3,4178390
"90",2019-08-19,24.5,24.8,24,24.5,3077320
"91",2019-08-18,23.5,24.6,23.5,24.4,4133440
"92",2019-08-08,23.5,23.7,23.3,23.5,1529170
"93",2019-08-07,23.5,23.7,23.4,23.6,3435050
"94",2019-08-06,24,24.1,23.3,23.5,2789370
"95",2019-08-05,23.6,24.1,23.3,23.9,3339950
"96",2019-08-04,23.7,23.8,22.9,23.5,4033170
"97",2019-08-01,23.8,24.3,23.4,23.6,4675790
"98",2019-07-31,23.2,23.7,22.7,23.5,3767980
"99",2019-07-30,23.4,24.1,23,23.1,4970830
"100",2019-07-29,22.3,23.4,22.3,23.1,3233550
"101",2019-07-28,22.5,22.8,22,22.2,3209400
"102",2019-07-25,22.4,23.3,22.3,22.6,5636820
"103",2019-07-24,21.3,23,21.1,22.4,4418800
"104",2019-07-23,21.4,21.9,21.3,21.3,2704930
"105",2019-07-22,20.8,21.4,20.1,21.1,3040760
"106",2019-07-21,21.7,22.5,20.6,21,1681710
"107",2019-07-18,20.2,22.4,20,21.6,12381400
"108",2019-07-17,20.4,20.7,20.1,20.4,383901
"109",2019-07-16,20.1,20.8,20.1,20.4,692595
"110",2019-07-15,19.9,20.1,19.8,20,360917
"111",2019-07-14,19.9,20.1,19.8,20.1,396725
"112",2019-07-11,20,20.2,19.9,19.9,380350
"113",2019-07-10,20,20.2,19.9,20.1,427928
"114",2019-07-09,20,20.3,19.9,20.1,417491
"115",2019-07-08,20.2,20.2,19.5,20.1,193147
"116",2019-07-07,20.1,20.2,20,20.1,166668
"117",2019-07-04,20.2,20.3,20,20.2,173550
"118",2019-07-03,20.2,20.2,19.9,20.1,533408
"119",2019-07-02,20,20.2,20,20.1,218372
"120",2019-06-30,20,20.2,20,20.1,305654
"121",2019-06-27,20,20.2,19.9,20.1,315979
"122",2019-06-26,20,20.3,19.8,20.2,628885
"123",2019-06-25,20,20.2,19.9,20.1,440271
"124",2019-06-24,19.8,20.1,19.8,20,296380
"125",2019-06-23,19.8,20,19.8,20,284850
"126",2019-06-20,19.7,20,19.7,19.9,389306
"127",2019-06-19,20,20,19.8,19.8,345627
"128",2019-06-18,19.8,20.2,19.8,20,451074
"129",2019-06-17,19.7,20.1,19.7,20,452209
"130",2019-06-16,20.3,20.5,19.8,20,469450
"131",2019-06-13,20.1,20.3,19.9,20,422309
"132",2019-06-12,20.1,20.1,19.8,20,618092
"133",2019-06-11,20.3,20.4,19.9,19.9,448866
"134",2019-06-10,20,20.1,19.8,20,655650
"135",2019-06-09,19.9,20,19.6,19.9,309700
"136",2019-05-30,19.8,20.2,19.8,20.1,463545
"137",2019-05-29,20.2,20.3,19.7,19.9,320662
"138",2019-05-28,19.9,20.1,19.6,19.8,486478
"139",2019-05-27,19.9,19.9,19.4,19.6,247745
"140",2019-05-26,19.7,20,19.6,19.7,641077
"141",2019-05-23,19.8,20,19.6,19.6,450597
"142",2019-05-22,19.4,19.8,19.4,19.7,508383
"143",2019-05-21,19.6,19.9,19.4,19.5,1246840
"144",2019-05-20,20.2,20.2,19.5,19.7,505736
"145",2019-05-19,20.5,20.9,19.1,20.2,2057330
"146",2019-05-16,20.1,21.4,19.9,20.5,3295280
"147",2019-05-15,19.5,20.1,19.3,19.9,359251
"148",2019-05-14,19.6,19.9,19.4,19.8,261867
"149",2019-05-13,19.9,20.1,19.5,19.8,155880
"150",2019-05-12,19.6,19.7,19.5,19.6,56226
"151",2019-05-09,20,20.1,19.5,19.7,301534
"152",2019-05-08,19.6,19.9,19.4,19.6,154965
"153",2019-05-07,20,20,19.4,19.5,291708
"154",2019-05-06,20.4,20.4,19.6,19.7,364979
"155",2019-05-05,19.9,20.5,19.6,20.4,792574
"156",2019-05-02,19.6,20,19,19.8,654080
"157",2019-04-30,19.3,19.6,19,19.4,230952
"158",2019-04-29,18.6,19.2,18.5,19,214708
"159",2019-04-28,19,19.1,18.6,18.8,164076
"160",2019-04-25,18.7,19.2,18.6,19,175041
"161",2019-04-24,18.2,18.7,18.1,18.6,103225
"162",2019-04-23,18.4,18.6,18.3,18.5,96911
"163",2019-04-21,19,19,18.5,18.6,66204
"164",2019-04-18,18.4,18.9,18.3,18.7,178618
"165",2019-04-17,18.4,18.5,18.2,18.3,95987
"166",2019-04-16,18.3,18.5,18.1,18.4,152355
"167",2019-04-15,18.6,18.6,18.2,18.3,33552
"168",2019-04-11,18.2,18.5,18.2,18.4,78247
"169",2019-04-10,18.7,18.7,18.2,18.3,99139
"170",2019-04-09,18.5,18.6,18.3,18.4,221151
"171",2019-04-08,18.5,18.6,18.4,18.5,247847
"172",2019-04-07,18.5,18.6,18.5,18.5,154197
"173",2019-04-04,18.5,18.6,18.4,18.5,115252
"174",2019-04-03,18.5,18.7,18.5,18.6,129749
"175",2019-04-02,18.5,18.7,18.5,18.5,44701
"176",2019-04-01,18.2,18.6,18.1,18.5,120710
"177",2019-03-31,18,18.4,18,18.3,58587
"178",2019-03-28,18.2,18.3,18.1,18.2,41978
"179",2019-03-27,18,18.3,18,18.2,79652
"180",2019-03-25,18,18.3,18,18.2,254920
"181",2019-03-24,18.4,18.4,17.6,18,95894
"182",2019-03-21,18.1,18.3,17.9,18,44998
"183",2019-03-20,18.5,18.6,18.1,18.1,126420
"184",2019-03-19,18.5,18.8,18.3,18.6,74592
"185",2019-03-18,18.3,18.7,18.3,18.5,116262
"186",2019-03-14,18.4,18.6,18.3,18.5,233426
"187",2019-03-13,18.7,18.8,18.4,18.5,221780
"188",2019-03-12,18.8,19,18.7,18.8,200968
"189",2019-03-11,18.8,19.1,18.7,19,131877
"190",2019-03-10,19,19.2,18.6,18.9,141003
"191",2019-03-07,18.7,19,18.6,18.9,120649
"192",2019-03-06,18.9,19,18.6,18.9,76348
"193",2019-03-05,18.6,19,18.6,18.7,62987
"194",2019-03-04,19,19,18.7,18.7,103823
"195",2019-03-03,19.2,19.2,18.8,18.9,134564
"196",2019-02-27,19.5,19.5,19.1,19.3,113901
"197",2019-02-26,19.4,19.8,19.4,19.6,194754
"198",2019-02-25,19.4,19.6,19.4,19.5,159256
"199",2019-02-24,19.6,19.7,19.4,19.5,208166
"200",2019-02-20,19.5,19.7,19.5,19.6,153136
"201",2019-02-19,19.7,19.9,19.5,19.6,114963
"202",2019-02-18,19.7,19.8,19.6,19.7,168174
"203",2019-02-17,19.9,19.9,19.7,19.8,109120
"204",2019-02-14,19.6,20,19.5,19.9,370653
"205",2019-02-13,19.5,19.7,19.5,19.6,136450
"206",2019-02-12,19.8,19.8,19.2,19.2,336016
"207",2019-02-11,19.7,19.7,19.5,19.6,209608
"208",2019-02-10,19.9,19.9,19.6,19.7,354512
"209",2019-02-07,19.7,20,19.7,19.8,478202
"210",2019-02-06,19.9,20.3,19.7,19.8,181777
"211",2019-02-05,20.1,20.1,19.7,19.8,516787
"212",2019-02-04,20.2,20.5,20,20.1,500480
"213",2019-02-03,19.8,20.5,19.7,20.2,690208
"214",2019-01-31,19.8,20,19.7,19.8,233372
"215",2019-01-30,20.3,20.4,19.8,19.8,270304
"216",2019-01-29,20,20.4,19.9,20.2,1577950
"217",2019-01-28,19.8,19.9,19.5,19.7,499154
"218",2019-01-27,19.7,20,19.4,19.6,463011
"219",2019-01-24,19.5,20,19.4,19.8,557752
"220",2019-01-23,19.7,19.8,19.5,19.6,250170
"221",2019-01-22,19.9,20.2,19.6,19.9,737861
"222",2019-01-21,20.1,20.2,19.6,19.9,660008
"223",2019-01-20,19.9,20.4,19.9,20,639815
"224",2019-01-17,20.1,20.1,19.8,19.9,628492
"225",2019-01-16,20.2,20.4,19.8,20.3,1317720
"226",2019-01-15,19.9,20.2,19.7,19.8,1222980
"227",2019-01-14,20.8,20.9,19.7,20,991378
"228",2019-01-13,20.5,20.9,19.9,20.6,1001810
"229",2019-01-10,20,20.5,19.8,20.3,1627720
"230",2019-01-09,18.6,20.1,18.4,19.8,2159670
"231",2019-01-08,18.3,18.6,18.3,18.5,439296
"232",2019-01-07,18.5,18.5,17.9,18.3,677520
"233",2019-01-06,18.4,18.7,18.2,18.5,778175
"234",2019-01-03,16.7,18.3,16.7,18.3,1309260
"235",2019-01-02,16.8,16.8,16.4,16.7,123471
"236",2019-01-01,16.5,16.8,16.3,16.7,163866
"237",2018-12-27,16.2,16.4,16.1,16.2,213007
"238",2018-12-26,16.1,16.3,16.1,16.2,98946
"239",2018-12-24,16.1,16.2,16,16.1,128065
"240",2018-12-23,16.1,16.2,16,16,57910
"241",2018-12-20,16.2,16.3,16,16.1,76630
"242",2018-12-19,16.3,16.3,16,16.1,158938
"243",2018-12-18,16.2,16.4,16.2,16.3,42519
"244",2018-12-17,16.4,16.5,16.2,16.2,78510
"245",2018-12-13,16.5,16.5,16.2,16.4,186665
"246",2018-12-12,16.7,16.7,16.5,16.5,79372
"247",2018-12-11,16.4,16.7,16.4,16.5,77400
"248",2018-12-10,16.8,16.9,16.4,16.4,240741
"249",2018-12-09,16.7,16.9,16.6,16.8,180521
"250",2018-12-06,16.7,16.7,16.6,16.6,139948
"251",2018-12-05,16.7,16.9,16.6,16.6,194135
"252",2018-12-04,16.5,16.8,16.5,16.6,164554
"253",2018-12-03,16.7,16.8,16.6,16.7,113598
"254",2018-12-02,16.5,16.7,16.3,16.6,76725
"255",2018-11-29,16.5,16.5,16.4,16.5,79550
"256",2018-11-28,16.5,16.6,16.3,16.4,226452
"257",2018-11-27,16.8,16.8,16.3,16.4,98161
"258",2018-11-26,16.4,16.8,16.4,16.6,70820
"259",2018-11-25,16.9,16.9,16.3,16.4,272314
"260",2018-11-22,16.9,17,16.7,16.8,140819
"261",2018-11-20,17.1,17.3,17,17,211227
"262",2018-11-19,17,17.2,16.8,17.1,142256
"263",2018-11-18,16.8,17,16.7,17,245973
"264",2018-11-14,17,17.2,16.9,17,318554
"265",2018-11-13,17,17,16.8,16.8,125592
"266",2018-11-12,17.1,17.2,16.7,16.8,238046
"267",2018-11-11,17.4,17.4,16.9,17,188191
"268",2018-11-08,17.2,17.5,17.1,17.3,213272
"269",2018-11-07,17,17.4,16.9,17.3,171472
"270",2018-11-06,16.9,17.2,16.9,17.1,64195
"271",2018-11-05,16.8,17.3,16.8,17,92949
"272",2018-11-04,16.9,17.2,16.8,16.8,99326
"273",2018-11-01,17,17.2,16.9,17,95286
"274",2018-10-31,17,17.2,16.7,17,201885
"275",2018-10-30,17,17.5,17,17.2,122550
"276",2018-10-29,16.9,17.2,16.7,17,185262
"277",2018-10-28,16.9,17,16.7,16.8,97819
"278",2018-10-25,16.7,17.1,16.7,17,89862
"279",2018-10-24,17.1,17.3,16.6,16.8,190274
"280",2018-10-23,17.2,17.3,16.8,17.1,674343
"281",2018-10-22,17.2,17.4,16.8,17.2,258146
"282",2018-10-21,17.2,17.2,16.7,17,252088
"283",2018-10-18,17.9,17.9,17.2,17.2,242889
"284",2018-10-17,17.9,18,17.8,17.9,60188
"285",2018-10-16,18.2,18.2,18,18,75085
"286",2018-10-15,18.1,18.3,18.1,18.2,194695
"287",2018-10-14,18.2,18.3,18.1,18.1,298579
"288",2018-10-11,18,18.3,18,18.1,116012
"289",2018-10-10,18.1,18.3,18,18.2,80694
"290",2018-10-09,18.1,18.6,18.1,18.2,498746
"291",2018-10-08,18.2,18.3,18.1,18.2,198902
"292",2018-10-07,18.1,18.2,18,18.1,175380
"293",2018-10-04,17.9,18,17.8,18,29501
"294",2018-10-03,17.7,18,17.6,17.6,158132
"295",2018-10-02,18.1,18.1,17.7,17.7,271770
"296",2018-10-01,18.2,18.3,18,18.2,185180
"297",2018-09-30,18,18.5,18,18.3,163482
"298",2018-09-27,18,18.3,18,18.2,217840
"299",2018-09-26,18.2,18.3,18.1,18.2,83954
"300",2018-09-25,18.3,18.5,18.1,18.2,307280
"301",2018-09-24,18.2,18.3,18.1,18.2,408191
"302",2018-09-23,18.1,18.3,18.1,18.2,197433
"303",2018-09-20,18.5,18.5,18.1,18.3,152457
"304",2018-09-19,18.3,18.5,18.1,18.2,139726
"305",2018-09-18,18.1,18.5,18.1,18.2,490210
"306",2018-09-17,18.5,19,18,18.2,495312
"307",2018-09-16,18.8,19.5,18.6,18.7,552098
"308",2018-09-13,18.1,18.8,18.1,18.6,571611
"309",2018-09-12,18.3,18.4,18,18.1,153847
"310",2018-09-11,18.2,18.4,18,18,673670
"311",2018-09-10,18.1,18.5,17.9,18,626988
"312",2018-09-09,17.8,18.1,17.8,18,309905
"313",2018-09-06,18,18.1,17.7,17.8,743372
"314",2018-09-05,17.9,18.2,17.9,18,260950
"315",2018-09-04,17.9,18,17.8,17.8,121722
"316",2018-09-03,18.1,18.3,17.9,17.9,161107
"317",2018-08-30,17.9,18,17.9,17.9,222898
"318",2018-08-29,18.1,18.2,17.8,17.9,489241
"319",2018-08-28,18.2,18.2,18,18.1,177089
"320",2018-08-27,18.4,18.4,18,18.1,427491
"321",2018-08-26,18.3,18.5,18,18.4,148014
"322",2018-08-20,18.1,18.4,18,18.3,133875
"323",2018-08-19,18.1,18.2,17.7,18.1,166892
"324",2018-08-16,18,18.5,18,18.4,348731
"325",2018-08-14,17.5,18,17.5,18,266312
"326",2018-08-13,17.5,17.8,17.5,17.5,219398
"327",2018-08-12,18,18,17.5,17.6,132773
"328",2018-08-09,18.1,18.1,17.6,17.7,180933
"329",2018-08-08,17.9,18,17.8,17.9,130069
"330",2018-08-07,18,18.2,17.9,17.9,127937
"331",2018-08-06,18.1,18.2,17.9,18,159165
"332",2018-08-05,18.4,18.4,18,18.2,134438
"333",2018-08-02,18.1,18.6,18.1,18.3,374324
"334",2018-08-01,18,18.2,17.9,18,282251
"335",2018-07-31,18,18.2,17.8,17.9,570137
"336",2018-07-30,18.1,18.2,18,18.1,138990
"337",2018-07-29,18.4,18.4,18,18.1,154816
"338",2018-07-26,18.3,18.5,18.3,18.3,284996
"339",2018-07-25,18.4,18.6,18.2,18.3,239904
"340",2018-07-24,18.3,18.5,18.2,18.4,163596
"341",2018-07-23,18.8,18.9,18.4,18.4,194331
"342",2018-07-22,18,18.8,18,18.7,344224
"343",2018-07-19,18,18.3,18,18,313051
"344",2018-07-18,18,18.1,17.9,18,160497
"345",2018-07-17,18.3,18.6,17.9,18,275945
"346",2018-07-16,18.3,18.6,18.3,18.3,117486
"347",2018-07-15,18.5,18.5,18.3,18.3,233464
"348",2018-07-12,19.1,19.1,18.4,18.5,462082
"349",2018-07-11,19.1,19.8,18.8,19,594157
"350",2018-07-10,18.3,19.1,18.3,19,876151
"351",2018-07-09,18.3,18.4,18,18.2,259787
"352",2018-07-08,18.1,18.7,18,18.2,546798
"353",2018-07-05,18,18.4,17.9,18.1,312993
"354",2018-07-04,18.8,18.8,17.6,17.9,171672
"355",2018-07-03,17.7,18,17.5,17.6,202844
"356",2018-07-02,17.7,18,17.6,17.7,167545
"357",2018-06-28,18.1,18.1,17.6,17.8,721055
"358",2018-06-27,17.9,18.3,17.8,18.1,205911
"359",2018-06-26,18,18.2,17.9,18,147724
"360",2018-06-25,18.1,18.3,17.9,18,183329
"361",2018-06-24,18.4,18.6,17.9,18,735317
"362",2018-06-21,18.2,18.5,18.2,18.4,299880
"363",2018-06-20,18.3,19.2,18,18.1,610508
"364",2018-06-19,18.3,18.3,17.9,17.9,463851
"365",2018-06-18,18.5,18.5,18.2,18.2,94067
"366",2018-06-12,18.6,18.8,18.4,18.5,161420
"367",2018-06-11,18.4,18.9,18.4,18.7,61550
"368",2018-06-10,19,19,18.2,18.4,320865
"369",2018-06-07,18.8,18.8,18.5,18.6,216490
"370",2018-06-06,18.7,18.7,18.5,18.6,176480
"371",2018-06-05,18.8,18.8,18.5,18.6,143316
"372",2018-06-04,18.9,19.2,18.7,18.8,148316
"373",2018-06-03,19.1,19.1,18.5,18.9,99208
"374",2018-05-31,18.7,18.9,18.6,18.6,70098
"375",2018-05-30,19,19,18.7,18.8,96354
"376",2018-05-29,18.8,19,18.7,18.8,73700
"377",2018-05-28,19,19.1,18.8,18.9,137975
"378",2018-05-27,19.2,19.2,18.9,19.1,94364
"379",2018-05-24,18.7,18.9,18.5,18.7,103863
"380",2018-05-23,18.9,18.9,18.5,18.7,104784
"381",2018-05-22,19,19.3,18.8,18.8,124832
"382",2018-05-21,19.1,19.3,19,19.1,83416
"383",2018-05-20,19.3,19.3,18.7,19,80578
"384",2018-05-17,19.6,19.6,19.2,19.3,112085
"385",2018-05-16,19.9,19.9,19.6,19.7,64260
"386",2018-05-15,20,20.3,19.5,19.7,179664
"387",2018-05-14,19.8,20.5,19.7,20.3,179330
"388",2018-05-13,20.1,20.2,19.8,19.8,93685
"389",2018-05-10,20.1,20.3,19.9,20,206193
"390",2018-05-09,20.3,20.3,19.9,20,132835
"391",2018-05-08,20.5,20.6,20.1,20.2,291537
"392",2018-05-07,20.4,20.8,20.4,20.6,152100
"393",2018-05-06,20.7,20.7,20.3,20.5,258630
"394",2018-05-03,21.3,21.4,20.4,20.6,264718
"395",2018-04-30,20.9,21.8,20.9,21.6,1044810
"396",2018-04-26,20.9,21.2,20.7,21,214085
"397",2018-04-25,20.6,21.1,20.3,20.9,301105
"398",2018-04-24,20.6,20.6,20,20.4,140034
"399",2018-04-23,20.3,20.6,20.1,20.5,250638
"400",2018-04-22,20.3,20.5,19.7,20.3,565900
"401",2018-04-19,21,21,20.1,20.2,570064
"402",2018-04-18,20.9,21,20.8,20.9,273494
"403",2018-04-17,20.9,21.2,20.8,21,211597
"404",2018-04-16,21.1,21.5,21,21,302541
"405",2018-04-15,20.6,22.1,20.4,21.6,1736930
"406",2018-04-12,20.3,21,20.2,20.6,494527
"407",2018-04-11,20.4,20.5,19.8,19.9,188305
"408",2018-04-10,20.9,21,20.2,20.3,244298
"409",2018-04-09,20.1,21,20.1,20.8,346606
"410",2018-04-08,20,20.4,20,20.2,187880
"411",2018-04-05,20.1,20.2,20,20.1,244976
"412",2018-04-04,20,20.4,20,20.1,364109
"413",2018-04-03,20.1,20.4,20,20.1,383175
"414",2018-04-02,20.4,20.5,20,20.3,247180
"415",2018-04-01,19.3,20.6,19.3,20.4,275130
"416",2018-03-29,18.8,19.4,18.8,19.2,230242
"417",2018-03-28,18.8,18.9,18.7,18.8,174315
"418",2018-03-27,18.8,19,18.6,18.7,108729
"419",2018-03-25,19.3,19.3,18.9,18.9,107995
"420",2018-03-22,19.3,19.3,18.8,18.9,239628
"421",2018-03-21,19.2,19.3,19.1,19.2,126536
"422",2018-03-20,19.1,19.4,19.1,19.3,153754
"423",2018-03-19,19.2,19.4,19.2,19.3,92820
"424",2018-03-18,19.4,19.5,19.2,19.4,53983
"425",2018-03-15,19.3,19.5,19,19.4,157218
"426",2018-03-14,19.3,19.6,19.3,19.3,97050
"427",2018-03-13,19.7,19.9,19.2,19.5,155294
"428",2018-03-12,19.4,19.7,19.3,19.5,254880
"429",2018-03-11,19.5,19.6,19.3,19.5,141340
"430",2018-03-08,19.5,19.6,19.4,19.5,61235
"431",2018-03-07,19.5,19.7,19.5,19.5,87793
"432",2018-03-06,19.6,19.6,19.2,19.3,216615
"433",2018-03-05,19.9,19.9,19.5,19.5,100772
"434",2018-03-04,20,20.1,19.7,19.8,85075
"435",2018-03-01,19.7,20,19.7,19.9,61070
"436",2018-02-28,19.8,19.9,19.6,19.8,100067
"437",2018-02-27,19.8,20,19.7,19.9,206241
"438",2018-02-26,19.9,20,19.7,19.8,122197
"439",2018-02-25,20.1,20.2,19.8,19.9,223640
"440",2018-02-22,20.5,20.6,20,20.1,171241
"441",2018-02-20,20.5,20.7,20,20.1,227372
"442",2018-02-19,20.2,20.6,20.1,20.3,185225
"443",2018-02-18,20.8,20.8,20.3,20.4,227559
"444",2018-02-15,21,21.1,20.8,20.9,168248
"445",2018-02-14,20.9,21,20.9,21,152686
"446",2018-02-13,20.5,20.8,20.5,20.8,145292
"447",2018-02-12,20.9,21,20.5,20.7,226458
"448",2018-02-11,20.5,20.8,20.4,20.7,106122
"449",2018-02-08,20.1,20.5,19.9,20.4,157311
"450",2018-02-07,20.1,20.1,19.9,20.1,195524
"451",2018-02-06,20.1,20.4,20,20.1,193465
"452",2018-02-05,20.2,20.3,19.8,20.1,409248
"453",2018-02-04,21,21,20.1,20.2,348040
"454",2018-02-01,21.1,21.1,20.9,20.9,300512
"455",2018-01-31,21.3,21.3,20.9,21.1,353774
"456",2018-01-30,21.2,21.3,21.1,21.2,183154
"457",2018-01-29,21.3,21.4,21.1,21.2,259632
"458",2018-01-28,21.5,21.5,21.3,21.4,173400
"459",2018-01-25,21.6,21.7,21.4,21.5,306377
"460",2018-01-24,21.7,21.7,21.5,21.6,180820
"461",2018-01-23,21.7,21.9,21.6,21.7,173378
"462",2018-01-22,22,22.2,21.7,21.8,471688
"463",2018-01-21,21.2,22,21.2,21.9,759747
"464",2018-01-18,21.1,21.4,21,21.3,277763
"465",2018-01-17,21.1,21.3,21,21.2,355161
"466",2018-01-16,20.9,21.2,20.9,21.1,230023
"467",2018-01-15,21.1,21.1,20.9,21,272855
"468",2018-01-14,21.1,21.2,20.9,21.1,296158
"469",2018-01-11,21,21.2,21,21.2,210896
"470",2018-01-10,21.3,21.4,21.1,21.1,156046
"471",2018-01-09,21.1,21.3,21,21.3,248689
"472",2018-01-08,21.3,21.4,21.1,21.3,216924
"473",2018-01-07,21.2,21.4,21,21.3,308497
"474",2018-01-04,21.1,21.3,20.9,21,325682
"475",2018-01-03,21.3,21.3,21,21.1,423224
"476",2018-01-02,21,21.3,21,21.3,176153
"477",2018-01-01,21.2,21.3,20.6,20.8,611419
"478",2017-12-28,20.8,21.6,20.5,21.3,1007700
"479",2017-12-27,21,21,20.5,20.6,266927
"480",2017-12-26,21,21.1,20.7,20.8,334094
"481",2017-12-24,20.5,21,20.5,21,334051
"482",2017-12-21,20.6,20.7,20.5,20.6,293289
"483",2017-12-20,20.7,20.8,20.5,20.6,247640
"484",2017-12-19,20.3,20.7,20.3,20.6,426470
"485",2017-12-18,20.3,20.6,20.3,20.5,355763
"486",2017-12-17,20.3,20.4,20.3,20.3,359472
"487",2017-12-14,20.4,20.5,20.2,20.3,489321
"488",2017-12-13,20.4,20.6,20.2,20.3,544464
"489",2017-12-12,20.6,20.8,20.3,20.3,432945
"490",2017-12-11,20.9,20.9,20.6,20.7,411825
"491",2017-12-10,21,21,20.3,20.7,1145490
"492",2017-12-07,21,21.1,20.8,21,752748
"493",2017-12-06,21.1,21.1,20.8,20.9,452411
"494",2017-12-05,21.1,21.3,20.9,21.1,405305
"495",2017-12-04,21.1,21.3,21,21.1,328283
"496",2017-12-03,21.1,21.3,21.1,21.1,267220
"497",2017-11-30,21.4,21.5,21.2,21.3,362019
"498",2017-11-29,21.1,21.4,21.1,21.3,436277
"499",2017-11-28,21.2,21.2,21,21.1,308704
"500",2017-11-27,21.2,21.3,21,21.1,411725
"501",2017-11-26,21.3,21.3,21,21.1,181721
"502",2017-11-23,21.4,21.4,21,21.1,329446
"503",2017-11-22,21,21.4,20.9,21.3,416454
"504",2017-11-21,21,21.1,20.6,20.9,609087
"505",2017-11-19,21.5,21.5,21.2,21.3,840760
"506",2017-11-16,21.3,21.5,21.3,21.4,668271
"507",2017-11-15,21.6,21.7,21.2,21.4,422505
"508",2017-11-14,21.6,21.6,21.3,21.4,300142
"509",2017-11-13,21.7,22,21.5,21.6,703172
"510",2017-11-12,21.7,21.8,21.5,21.5,362328
"511",2017-11-09,21.5,21.9,21.4,21.7,517008
"512",2017-11-08,21.5,21.7,21.3,21.5,510351
"513",2017-11-07,21.7,21.8,21.4,21.5,639670
"514",2017-11-06,21.6,22,21.6,21.7,361113
"515",2017-11-05,21.9,22.1,21.6,21.7,473360
"516",2017-11-02,21.9,22.2,21.8,21.9,708366
"517",2017-11-01,21.6,21.9,21.5,21.7,345170
"518",2017-10-31,21.4,21.9,21.2,21.6,562170
"519",2017-10-30,21.3,21.9,21.1,21.3,565526
"520",2017-10-29,21.8,22.2,21.4,21.5,671851
"521",2017-10-26,21.3,22,21.3,21.7,669091
"522",2017-10-25,21.2,21.5,21.1,21.4,623307
"523",2017-10-24,21.1,21.5,20.7,21.2,754051
"524",2017-10-23,20.7,21.5,20.7,21,923009
"525",2017-10-22,21.1,21.9,20.9,21.7,790142
"526",2017-10-19,21.6,21.6,21,21.1,261460
"527",2017-10-18,21.7,21.9,21.5,21.5,365694
"528",2017-10-17,21,21.7,20.9,21.5,398303
"529",2017-10-16,21.2,21.5,20.9,20.9,350722
"530",2017-10-15,21.2,21.8,21,21.2,520650
"531",2017-10-12,21,21.2,21,21,457050
"532",2017-10-11,21.2,21.5,21,21.1,746335
"533",2017-10-10,21.6,21.7,21.3,21.3,552415
"534",2017-10-09,21.7,21.7,21,21.3,807707
"535",2017-10-08,21.8,21.9,21.3,21.5,499640
"536",2017-10-05,21.9,22,21.6,21.8,550312
"537",2017-10-04,22.4,22.5,21.6,21.7,567792
"538",2017-10-03,21.1,22.4,21.1,22.1,557349
"539",2017-10-02,21.2,21.4,21.1,21.1,308640
"540",2017-09-28,21.3,21.3,21.1,21.2,323196
"541",2017-09-27,21.5,21.6,21.2,21.3,736574
"542",2017-09-26,21.5,21.7,21.5,21.6,337863
"543",2017-09-25,21.7,21.8,21.5,21.5,327631
"544",2017-09-24,21.8,21.9,21.6,21.7,290264
"545",2017-09-21,21.9,22.1,21.6,21.7,434762
"546",2017-09-20,22,22.1,21.8,22,593938
"547",2017-09-19,22.1,22.3,21.7,21.9,669652
"548",2017-09-18,22.3,22.4,22,22,757922
"549",2017-09-17,22.5,22.5,22.2,22.2,666455
"550",2017-09-14,22.2,22.5,22.2,22.4,812129
"551",2017-09-13,22.5,22.5,22.2,22.3,597159
"552",2017-09-12,22.5,22.6,22.2,22.3,708668
"553",2017-09-11,22.4,22.7,22.4,22.5,852151
"554",2017-09-10,22.4,22.5,22.2,22.2,602335
"555",2017-09-07,22.4,22.6,22.2,22.3,601482
"556",2017-09-06,22.6,22.7,22.2,22.3,1001930
"557",2017-09-05,22.6,22.8,22.4,22.6,582058
"558",2017-09-04,22.7,22.7,22.4,22.6,280642
"559",2017-08-31,22.4,22.6,22.3,22.5,424535
"560",2017-08-30,22.7,22.7,22.3,22.4,670274
"561",2017-08-29,22.6,22.8,22.4,22.5,494664
"562",2017-08-28,22.7,23,22.5,22.6,726929
"563",2017-08-27,23,23,22.7,22.8,380037
"564",2017-08-24,22.6,22.9,22.6,22.8,387107
"565",2017-08-23,23.1,23.3,22.6,22.7,638650
"566",2017-08-22,22.5,23.2,22.5,23.1,822026
"567",2017-08-21,22.3,22.5,22.2,22.3,489615
"568",2017-08-20,22.3,22.6,22.1,22.2,738000
"569",2017-08-17,22.3,22.6,22.2,22.2,533222
"570",2017-08-16,22.7,22.7,22.1,22.1,774926
"571",2017-08-13,22.9,22.9,22.6,22.6,631278
"572",2017-08-10,22.9,23.1,22.8,22.9,595054
"573",2017-08-09,23,23.2,22.8,22.9,791891
"574",2017-08-08,23.1,23.2,22.9,23,605644
"575",2017-08-07,23.4,23.5,22.9,23,2104430
"576",2017-08-06,23.4,23.6,23.3,23.4,461870
"577",2017-08-03,23.6,23.6,23.3,23.4,725568
"578",2017-08-02,23.9,23.9,23.3,23.4,1762300
"579",2017-08-01,23.8,23.9,23.6,23.7,941927
"580",2017-07-31,23.8,23.8,23.6,23.7,1027180
"581",2017-07-30,24,24,23.6,23.7,493586
"582",2017-07-27,24.1,24.2,23.8,23.9,950466
"583",2017-07-26,23.6,24,23.6,23.9,725707
"584",2017-07-25,23.6,23.8,23.5,23.6,819949
"585",2017-07-24,23.2,23.5,23.2,23.4,483066
"586",2017-07-23,23.6,23.6,23.2,23.2,419536
"587",2017-07-20,23.6,23.6,23.1,23.4,744714
"588",2017-07-19,23.8,23.8,23.2,23.3,2276640
"589",2017-07-18,24,24.1,23.6,23.7,881007
"590",2017-07-17,24.3,24.5,23.6,23.7,2447150
"591",2017-07-16,24.5,24.9,24.2,24.3,2714960
"592",2017-07-13,23.9,24.4,23.7,24.3,1329830
"593",2017-07-12,24.4,24.7,23.8,23.9,2200100
"594",2017-07-11,25.1,25.1,24.2,24.4,2822620
"595",2017-07-10,24.6,25.5,24.6,24.9,7295780
"596",2017-07-09,23.8,24.6,23.7,24.4,4214030
"597",2017-07-06,24.1,24.3,23.6,23.7,3136910
"598",2017-07-05,23.9,24.2,23.8,24,4947990
"599",2017-07-04,23.3,23.8,23.2,23.7,3890390
"600",2017-07-03,23.1,23.3,23,23.2,2123420
"601",2017-07-02,23.1,23.3,22.8,23,2189010
"602",2017-06-29,23.1,23.5,22.8,23.1,1600320
"603",2017-06-28,23.1,23.3,23,23.1,858208
"604",2017-06-22,22.7,23.2,22.7,23,1231160
"605",2017-06-21,23.6,23.6,22.7,22.9,1970250
"606",2017-06-20,23.7,23.8,23.3,23.4,1379720
"607",2017-06-19,23.5,23.8,23.3,23.6,1860350
"608",2017-06-18,23.2,23.6,23.1,23.4,1583360
"609",2017-06-15,23.6,23.7,23.1,23.2,1818610
"610",2017-06-14,23.1,23.9,23.1,23.6,4013590
"611",2017-06-13,22.8,23.2,22.7,23.1,3270990
"612",2017-06-12,22.7,22.8,22.5,22.6,1389980
"613",2017-06-11,22.7,22.8,22.5,22.6,1803450
"614",2017-06-08,22.3,22.8,22,22.7,2502620
"615",2017-06-07,21.4,22.3,21.4,22.2,1689770
"616",2017-06-06,21.2,21.5,21,21.4,615772
"617",2017-06-05,21.2,21.2,20.9,21.1,311888
"618",2017-06-04,20.9,21.2,20.9,21.1,265660
"619",2017-06-01,21.3,21.3,20.9,20.9,520644
"620",2017-05-31,21.5,21.5,21.2,21.3,225155
"621",2017-05-30,21.2,21.4,21.1,21.3,305775
"622",2017-05-29,21.2,21.3,20.9,21.1,304812
"623",2017-05-28,21,21.5,21,21.2,543852
"624",2017-05-25,21,21.2,20.7,20.8,396229
"625",2017-05-24,21.2,21.4,20.9,20.9,628694
"626",2017-05-23,21.1,21.3,21,21.2,360701
"627",2017-05-22,20.9,21.3,20.9,21.2,258123
"628",2017-05-21,21.2,21.2,20.7,20.8,430955
"629",2017-05-18,21.3,21.4,21.1,21.1,525034
"630",2017-05-17,21.7,21.7,21.2,21.3,524593
"631",2017-05-16,21.7,21.7,21.4,21.5,366939
"632",2017-05-15,21.8,22,21.4,21.5,642164
"633",2017-05-14,22.1,22.3,21.7,21.8,599984
"634",2017-05-11,22.4,22.5,22.1,22.2,595075
"635",2017-05-09,22.8,22.8,22.3,22.4,512766
"636",2017-05-08,22.7,23,22.6,22.7,1569060
"637",2017-05-07,22.4,22.5,22.3,22.5,897910
"638",2017-05-04,22.3,22.4,22.1,22.2,773898
"639",2017-05-03,22.4,22.4,22,22.1,784847
"640",2017-05-02,22.5,22.6,22.2,22.3,801814
"641",2017-04-30,22.1,23,21.9,22.2,1887680
"642",2017-04-27,21.5,21.7,21.3,21.4,544570
"643",2017-04-26,21.5,21.6,21.1,21.4,481023
"644",2017-04-25,21.5,21.7,21.1,21.2,431471
"645",2017-04-24,21.5,21.8,21.2,21.3,500781
"646",2017-04-23,22,22,21.4,21.5,685969
"647",2017-04-20,21.5,22.3,21.4,21.8,589110
"648",2017-04-19,21.8,21.9,21.4,21.5,651362
"649",2017-04-18,22.6,22.6,21.8,21.9,823983
"650",2017-04-17,22.6,23.3,22.5,22.6,2098440
"651",2017-04-16,21.3,22.5,21.3,22.3,1635460
"652",2017-04-13,21.2,21.3,21.1,21.2,243019
"653",2017-04-12,21.1,21.2,21,21,318150
"654",2017-04-11,21.1,21.4,20.9,21.1,546653
"655",2017-04-10,21.3,21.4,21,21.1,591772
"656",2017-04-09,21.5,21.6,21.2,21.3,435171
"657",2017-04-06,21.9,22.1,21.4,21.5,721688
"658",2017-04-05,22.5,22.5,21.8,21.9,540987
"659",2017-04-04,22.2,22.6,22.2,22.4,1000540
"660",2017-04-03,21.6,22.4,21.6,22.1,772246
"661",2017-04-02,21.8,21.9,21.1,21.5,734838
"662",2017-03-30,21.9,22,21.8,21.8,341140
"663",2017-03-29,22,22.3,21.8,22,646110
"664",2017-03-28,22.2,22.4,21.8,21.9,996175
"665",2017-03-27,22.4,22.4,22.2,22.3,338189
"666",2017-03-23,22.6,22.6,22.3,22.5,848827
"667",2017-03-22,22.4,22.8,22.3,22.5,977009
"668",2017-03-21,22.5,22.6,22.2,22.3,997976
"669",2017-03-20,22.5,22.7,22.4,22.5,576424
"670",2017-03-19,22.7,22.8,22.4,22.5,839170
"671",2017-03-16,22.7,22.9,22.6,22.7,719172
"672",2017-03-15,22.9,23,22.7,22.7,862071
"673",2017-03-14,23.1,23.1,22.8,22.9,805501
"674",2017-03-13,23.4,23.5,22.9,22.9,1120070
"675",2017-03-12,23.5,23.5,23.1,23.3,1032010
"676",2017-03-09,22.9,23.8,22.9,23.3,1447780
"677",2017-03-08,22.9,23.1,22.8,22.8,845699
"678",2017-03-07,23.1,23.2,22.8,22.9,821154
"679",2017-03-06,23,23.2,22.7,22.9,1137550
"680",2017-03-05,23.4,23.4,22.7,22.8,991828
"681",2017-03-02,23.2,23.3,23,23.1,877809
"682",2017-03-01,23.7,23.7,23.1,23.2,1394440
"683",2017-02-28,23.3,23.6,23.2,23.4,1563820
"684",2017-02-27,23.7,23.8,23.2,23.3,1174720
"685",2017-02-26,23.9,24.2,23.5,23.6,1854300
"686",2017-02-23,23.5,23.9,23.4,23.7,1583760
"687",2017-02-22,23.2,23.5,23,23.4,1498670
"688",2017-02-20,23.7,23.7,23,23.1,1943350
"689",2017-02-19,24,24.1,23.4,23.5,1952400
"690",2017-02-16,23.8,23.9,23.3,23.7,2301960
"691",2017-02-15,24.2,24.5,23.6,23.8,2226100
"692",2017-02-14,24.3,24.4,23.8,24.2,2444200
"693",2017-02-13,24.1,24.9,24.1,24.3,3955550
"694",2017-02-12,23,24.2,22.8,23.8,2863320
"695",2017-02-09,23.4,23.6,22.6,23,2506630
"696",2017-02-08,21.5,23.3,21.4,23.3,4003720
"697",2017-02-07,21.3,21.5,20.8,21.2,1692590
"698",2017-02-06,21.2,21.6,21,21.1,1131640
"699",2017-02-05,21.8,21.8,20.7,21.1,1822020
"700",2017-02-02,22.9,22.9,21.5,21.6,1496310
"701",2017-02-01,22.5,23,22.4,22.5,2343140
"702",2017-01-31,23.7,23.8,22.4,22.6,2627300
"703",2017-01-30,24.9,24.9,23.1,23.4,2227800
"704",2017-01-29,27,27,24.1,24.7,5751210
"705",2017-01-26,23.9,25,23.2,24.6,854475
"706",2017-01-25,23.9,24.2,23,23.1,668607
"707",2017-01-24,25.4,25.4,23.7,23.8,1099810
"708",2017-01-23,25.2,25.5,24.8,25,577641
"709",2017-01-22,24.8,26,24.6,25.4,827728
"710",2017-01-19,25.4,25.4,24.5,25,849327
"711",2017-01-18,26,26.6,24.9,25.4,1549560
"712",2017-01-17,26,26.1,25.6,26,702387
"713",2017-01-16,25.7,26.1,25.5,25.9,925102
"714",2017-01-15,24.9,25.5,24.9,25.3,545870
"715",2017-01-12,25,25.8,24.6,24.9,960730
"716",2017-01-11,24.7,25.2,24.6,24.9,1142770
"717",2017-01-10,23.5,24.4,23.4,24.2,857352
"718",2017-01-09,23.1,23.5,23,23.3,1067400
"719",2017-01-08,23.2,23.5,22.8,23,553975
"720",2017-01-05,23,23.4,22.7,22.9,649297
"721",2017-01-04,22.6,22.9,22.5,22.8,661954
"722",2017-01-03,22.9,22.9,22.2,22.5,490160
"723",2017-01-02,22.6,22.8,22.4,22.5,416720
"724",2017-01-01,22.2,22.8,22.1,22.4,542232
